{
	"partitions" : [
		{
			"name" : "Top",
			"pins" : [
				{
					"name" : "grant_vector[0]",
					"strict" : false
				},
				{
					"name" : "grant_vector[1]",
					"strict" : false
				},
				{
					"name" : "grant_vector[2]",
					"strict" : false
				},
				{
					"name" : "grant_vector[3]",
					"strict" : false
				},
				{
					"name" : "index[0]",
					"strict" : false
				},
				{
					"name" : "index[1]",
					"strict" : false
				},
				{
					"name" : "enable",
					"strict" : false
				},
				{
					"name" : "incoming_requests[3]",
					"strict" : false
				},
				{
					"name" : "incoming_requests[2]",
					"strict" : false
				},
				{
					"name" : "incoming_requests[1]",
					"strict" : false
				},
				{
					"name" : "incoming_requests[0]",
					"strict" : false
				},
				{
					"name" : "clk",
					"strict" : false
				},
				{
					"name" : "reset",
					"strict" : false
				}
			]
		}
	]
}